{
  "chart": {
    "title": "Annual precipitation",
    "subtitle": "Total annual precipitation — rain and snow — calculated as the sum of daily averages, reported as the depth of water falling to Earth's surface, excluding fog and dew.",
    "note": "These estimates are based on satellite imagery. The uncertainty is higher for smaller regions as the estimates are based on approximately 30 km² grid averages rather than exact local measurements.",
    "citation": "Contains modified Copernicus Climate Change Service information (2025)",
    "originalChartUrl": "https://ourworldindata.org/grapher/average-precipitation-per-year?v=1&csvType=full&useColumnShortNames=false",
    "selection": [
      "World",
      "Czechia",
      "Egypt",
      "Brazil"
    ]
  },
  "columns": {
    "Annual precipitation": {
      "titleShort": "Annual precipitation",
      "titleLong": "Annual precipitation",
      "descriptionShort": "Total annual precipitation—rain and snow—calculated as the sum of daily averages, reported as the depth of water falling to Earth's surface, excluding fog and dew.",
      "descriptionProcessing": "- Initially, the dataset is provided with specific coordinates in terms of longitude and latitude. To tailor this data to each country, we use geographical boundaries as defined by the World Bank. The method involves trimming the precipitation dataset to match the exact geographical shape of each country. To correct for potential distortions caused by projecting the Earth's curved surface onto a flat map, we apply a latitude-based weighting. This step is essential for maintaining accuracy, particularly in high-latitude regions where distortion is more pronounced. The result of this process is a latitude-weighted average precipitation for each nation.\n- It’s important to note, however, that due to the resolution constraints of the Copernicus dataset, this methodology might not be as effective for countries with very small landmasses. In such cases, the process may not yield reliable data.\n- The derived precipitation for each country is calculated based on administrative borders, encompassing all land surface types within these areas. As a result, precipitation over oceans and seas is not included in these averages, keeping the data focused on terrestrial environments.\n- Global precipitation averages and anomalies, however, are calculated over both land and ocean surfaces.\n- The precipitation anomaly is calculated by comparing the average precipitation of a specific time period (e.g., a particular year or month) to the average surface precipitation of the same period from 1991 to 2020.\n- When calculating anomalies for each country, the total precipitation of a given year or month is compared to the 1991-2020 average precipitation for that specific country.\n- The reason for using the 1991-2020 period as the reference mean is that it is the standard reference period used by our data source, the Copernicus Climate Change Service. This period is also adopted by the UK Met Office. This approach ensures consistency in identifying climate variations over time.",
      "shortUnit": "mm",
      "unit": "millimeters",
      "timespan": "1940-2024",
      "type": "Numeric",
      "owidVariableId": 1005182,
      "shortName": "total_precipitation",
      "lastUpdated": "2025-01-07",
      "nextUpdate": "2025-07-06",
      "citationShort": "Contains modified Copernicus Climate Change Service information (2025) – with major processing by Our World in Data",
      "citationLong": "Contains modified Copernicus Climate Change Service information (2025) – with major processing by Our World in Data. “Annual precipitation” [dataset]. Contains modified Copernicus Climate Change Service information, “ERA5 monthly averaged data on single levels from 1940 to present 2” [original data].",
      "fullMetadata": "https://api.ourworldindata.org/v1/indicators/1005182.metadata.json"
    }
  },
  "dateDownloaded": "2025-05-24",
  "activeFilters": {}
}